,caption,pos_sims,neg_sims,url,score
0,fans gather on the boardwalk during an event,0.25632032321286946,0.41034455315352064,http://static.flickr.com/3033/2978905732_d6aa847697.jpg,-0.15402422994065118
1,fans watch a game from the stands at clemson stadium,0.21485661427122638,0.378769252282608,http://media.gettyimages.com/photos/general-atmosphere-during-a-ncaa-game-between-the-nevada-wolfpack-and-picture-id152773234?k=6&m=152773234&s=612x612&w=0&h=R9Rx3lCGCWygG0mPrilQoqQowD4g-DzaOI_jWaH2X4E=,-0.16391263801138162
2,a fan is hoisted by soccer player as they face sports team,0.3752960490504751,0.4642753078633965,https://media.gettyimages.com/photos/uruguays-alvaro-recoba-celebrates-on-the-shoulders-of-team-mate-diego-picture-id651591990?s=612x612,-0.0889792588129214
3,the jacksonville fans are cheering the team from the sidelines during their game,0.21227709784244275,0.3343954048659715,https://static1.squarespace.com/static/54583864e4b00889b2e07431/587d4dff37c5812c8cdf083d/587d4e2af7e0ab0bf5d21922/1484607563088/Cereijo_BlogPost_6.jpg?format=750w,-0.12211830702352877
4,a fan falling off the bench after falling off during a game,0.34536861163275384,0.4624503804151013,https://cdn-s3.si.com/s3fs-public/si/dam/assets/13/05/30/130530174651-tony-parker-49-single-image-cut.jpg,-0.11708176878234744
5,a crowd of people sitting on the stand hold up a banner in front of their fans,0.26636864946970834,0.45788957627112614,https://media.gettyimages.com/photos/indian-fans-celebrate-victory-during-the-first-test-match-between-picture-id53110719?s=612x612,-0.1915209268014178
6,two fans at a football game,0.2839703703247037,0.4520927212713471,http://archive.jsonline.com/Services/image.ashx?domain=www.jsonline.com&file=b99435282z.1_20150204190542_000_g439pu3k.1-1.jpg&resize=660*406,-0.1681223509466434
7,a fan wearing a traditional hat and scarf stands in the stadium,0.31937842048130316,0.4589199431446945,https://media.gettyimages.com/photos/fan-of-borussia-dortmund-with-patches-on-his-jacket-takes-pictures-at-picture-id594801544?s=612x612,-0.13954152266339132
8,person watches the game with a fan at the wnba superdral,0.25543056362285455,0.39828644828022947,https://i.pinimg.com/736x/50/7e/51/507e51c227d54ad4e0073e18db951ceb.jpg,-0.14285588465737492
9,a group of yellow student union fans watch from the stands,0.2388520078838396,0.397694481099777,https://cdn2.newsok.biz/cache/w640-3480cebe5f0405c1d8d907412b96baf7.jpg,-0.15884247321593742
10,fans show their support for football player during the match,0.2159331791759688,0.41432771723464407,https://media.gettyimages.com/photos/fans-hold-up-a-wenger-out-banner-in-the-stands-during-the-premier-picture-id654779708?s=612x612,-0.19839453805867527
11,one direction fans on stage for one direction,0.2573633998180525,0.3520460862682367,http://i.dailymail.co.uk/i/pix/2014/05/29/article-2642224-1E49379B00000578-828_634x624.jpg,-0.09468268645018418
12,a fan with a tattoo on his shoulder,0.4033198142659678,0.45696831932806525,https://i.pinimg.com/736x/73/be/03/73be03869865ee6594b23390e72d5c25.jpg,-0.05364850506209745
13,fans wear masks as they watch the game,0.1933470954152391,0.40036730443127216,https://media.gettyimages.com/photos/philadelphia-eagles-and-baltimore-ravens-fans-look-on-prior-to-a-game-picture-id630200936?s=612x612,-0.20702020901603307
14,fans cheering the cubs after winning game,0.1799635895777329,0.36736966227742374,http://cdn.cnn.com/cnnnext/dam/assets/161104141621-03-cubs-parade-1104-super-169.jpg,-0.18740607269969084
15,signs for fans before the game against sports team,0.24175155602035872,0.4242433557706881,https://media.gettyimages.com/photos/anna-cruz-of-the-minnesota-lynx-signs-autographs-for-fans-after-the-picture-id487369306,-0.1824917997503294
16,the football field and fans in a large stadium,0.2503521786564228,0.4514786608408639,http://media.gettyimages.com/photos/general-view-of-lavell-edwards-stadium-during-the-game-between-the-picture-id455814074,-0.20112648218444112
17,fans singing on stage,0.2732285856707069,0.443733451376794,https://media.gettyimages.com/photos/getting-in-tune-with-the-music-picture-id502061931?s=612x612,-0.17050486570608708
18,fans cheer after the match,0.1975798121971457,0.41207669476408576,https://i2-prod.mirror.co.uk/incoming/article7877495.ece/ALTERNATES/s615/Leicester-City-fans-with-a-banner-featuring-Gary-Lineker.jpg,-0.21449688256694005
19,actor and film director signing autographs for fans at the world premiere,0.1686323967942147,0.3018468863819752,https://media.gettyimages.com/photos/actor-daniel-craig-greets-fans-at-the-uk-premiere-of-flashbacks-of-a-picture-id80659360?s=612x612,-0.1332144895877605
20,the players with their young fans after their win in their clash against rugby team,0.12584257904565357,0.2603973803139959,https://www.thesun.co.uk/wp-content/uploads/2017/04/nintchdbpict000313110036.jpg?strip=all&w=960,-0.13455480126834232
21,players celebrates their goal as fans go crazy,0.1706228284934429,0.39092329441807155,https://media.gettyimages.com/photos/evertons-darron-gibson-celebrates-with-his-team-mates-after-scoring-picture-id846893152?s=612x612,-0.22030046592462865
22,fans at the game,0.2957608396838002,0.5167805854463814,https://www.ocregister.com/wp-content/uploads/migration/mdm/mdmclh-b781027120z.120121116222136000gu51b89r0.1.jpg?w=620,-0.2210197457625812
23,fans of both teams are congling,0.19454280912387661,0.41635920359488626,http://l7.alamy.com/zooms/61b972a33fcd44ebb4dcf73e5487bc89/stourbridges-tom-tonks-gets-a-kiss-from-a-fan-after-the-emirates-fa-hgcnyt.jpg,-0.22181639447100965
24,fans during the game,0.2953733479326644,0.534515599257044,https://media.gettyimages.com/photos/st-louis-blues-fans-cheer-on-their-team-during-a-game-against-the-picture-id91659629?s=612x612,-0.23914225132437955
25,the cap has been designed to be worn by fans,0.2896303991411698,0.40988476506459437,http://i.dailymail.co.uk/i/pix/2017/05/21/12/4099C25F00000578-4526872-image-a-17_1495364528423.jpg,-0.12025436592342459
26,fans drinking a beer in front of a large crowd,0.26055197069691055,0.5042232179255867,http://i.dawn.com/primary/2014/06/53a3e4f167a40.jpg,-0.2436712472286761
27,fans dance for the cavaliers,0.23470591263717563,0.3667411140416406,http://cdn.abclocal.go.com/content/kgo/images/cms/automation/vod/2096222_1280x720.jpg,-0.13203520140446498
28,calendar page with fan icon,0.3527737964569241,0.40576799292100296,https://thumb9.shutterstock.com/display_pic_with_logo/615538/546840472/stock-vector-fan-calendar-day-grainy-textured-icon-for-overlay-watermark-stamps-flat-symbol-with-unclean-546840472.jpg,-0.05299419646407888
29,fans at the concert at a city,0.24890062223128803,0.4441375910636414,https://media.gettyimages.com/photos/general-atmosphere-of-neon-trees-performing-on-stage-on-day-two-of-picture-id122180721,-0.1952369688323534
30,fans wave flags at the match,0.26946312915231496,0.3962389245423521,http://media.gettyimages.com/photos/france-supporters-celebrate-after-their-team-won-the-2017-uefa-womens-picture-id520481722,-0.12677579539003714
31,roma and team mate sergio uldich of roma reacts to the fans after the uefa super league football match,0.13082018135574658,0.27753900178047836,https://media.gettyimages.com/photos/daniele-de-rossi-of-roma-celebrates-during-the-italian-serie-a-match-picture-id893996554?s=612x612,-0.14671882042473178
32,actors person and person pose for a photo with a fan at the 2011 sundance film festival,0.20174196285600518,0.28388851172420115,https://media.gettyimages.com/photos/actors-ross-partridge-joshua-leonard-and-jessica-makinson-visit-the-picture-id112978563?s=612x612,-0.08214654886819597
33,fans light flares and flare fireworks at the stadium,0.28103489100440615,0.42717960850562,http://i.dailymail.co.uk/i/pix/2017/11/18/13/4677ADA400000578-5095403-image-a-77_1511012443822.jpg,-0.14614471750121383
34,an infant boy blanket made from blankets in the style of horses,0.22255257010160326,0.24849076123576372,https://s-media-cache-ak0.pinimg.com/736x/47/6c/38/476c38cc5b7e35774e2440e1726900a1.jpg,-0.02593819113416046
35,fans react to football player as he walks around the pitch,0.181522395462144,0.38451738434862565,https://media.gettyimages.com/photos/burnley-fan-is-held-back-by-police-after-the-barclays-premier-league-picture-id91978001,-0.20299498888648165
36,two students adjust the head of a student who has stopped by a fan and looks on,0.41426372125731187,0.4783271021770242,https://media.gettyimages.com/photos/fashion-designer-astrid-andersen-with-a-model-backstage-ahead-of-her-picture-id631151248?k=6&m=631151248&s=612x612&w=0&h=CZEFjXGBSqtFO-DZvh1UUBoKPiFTI3-iC0H4DmVNaVM=,-0.06406338091971231
37,there's no such thing as love it's fantasy white mug coffee tea custom,0.21114390226653426,0.19992843850391556,http://boldomatic.com/content/productmockup?mockup=B-TPAC-MUG-N-m1&key=post-pdfs/Tk-keg-765e02f419b31069b94c26a47c5f9a3d8e4dff2a478635553fe7a794794f5d53.pdf&width=800&format=jpg&quality=95&design=original&color=white&size=standard,0.0112154637626187
38,a group of young fans in blue cheer and wave at the crowd,0.21441170016108424,0.42107768522700956,http://basketball.dailyherald.com/storyimage/DA/20131207/sports/712079762/EP/1/15/EP-712079762.jpg&updated=201312072240&MaxW=800&maxH=800&noborder,-0.20666598506592532
39,the crowd is devastated by a fan during the match,0.22088622491062707,0.46117241898075806,https://media.gettyimages.com/photos/fans-of-aachen-show-banner-during-the-regionalliga-west-match-between-picture-id462913626,-0.240286194070131
40,fans cheering on the terraces,0.23711335338581405,0.4789219446564948,http://cdn.cnn.com/cnnnext/dam/assets/130525151112-champions-league-final-01-horizontal-large-gallery.jpg,-0.24180859127068074
41,the fan waving to his team after winning sports league,0.27929884616447576,0.41980291186488256,http://i.dailymail.co.uk/i/pix/2017/01/23/05/3C69EF9700000578-4146802-image-a-13_1485148381306.jpg,-0.1405040657004068
42,singer person performs during the fan meeting on march 8 2014 in nanjinghonghuashan fujian fujian university,0.21412097535740873,0.30750434902038126,https://media.gettyimages.com/photos/singer-kenny-bee-sings-on-the-stage-during-tracy-huangs-concert-after-picture-id473872488?s=612x612,-0.09338337366297253
43,football fans cheering their team during the match between real,0.1975642462090087,0.39389186717333396,http://l7.alamy.com/zooms/6d1addba39234be983d0ec7af9eab814/fans-of-galatasaray-istanbul-cheer-on-their-team-during-a-friendly-fy32x6.jpg,-0.19632762096432527
44,soccer fans from the nations soccer teams watching match,0.198367358786614,0.35994279091738907,http://l7.alamy.com/zooms/7dd68e939f88483e9f2c523f88bedf4c/a-male-spanish-fan-with-a-painted-face-and-head-singing-in-the-crowd-awcjpe.jpg,-0.16157543213077508
45,football fans cheering in the streets,0.19066908135479121,0.44757742706619075,http://l7.alamy.com/zooms/30f14ec601d3469ea5553d762eb92b91/juventus-fans-play-music-and-tuck-into-a-pigs-head-prior-to-the-uefa-jabr5j.jpg,-0.25690834571139953
46,a general view of fans during the match,0.28329433705495943,0.4427626875618844,https://media.gettyimages.com/photos/colombias-fans-celebrate-the-second-scored-goal-against-ecuador-at-picture-id90356606?k=6&m=90356606&s=612x612&w=0&h=qi6M_NXt-Nsw6WKoSnl1OYQXg6iIC6BIgwlA2xjM3Qo=,-0.15946835050692498
47,a football fan at the game,0.27430499075215337,0.4795361693247939,http://l7.alamy.com/zooms/01d32e7a1af24c24872a120e03f7794a/a-temple-fan-during-the-ncaa-college-football-game-between-temple-f3a7tg.jpg,-0.20523117857264056
48,soccer fans support their team in the stands,0.2445741879576672,0.43063149731153977,https://media.gettyimages.com/photos/polish-fans-during-the-uefa-euro-2016-qualifying-round-match-between-picture-id457240138?k=6&m=457240138&s=612x612&w=0&h=k2pLugFR8MCkNwdZTdDUhv0AwE7IVfgUNVQLIGZdUC0=,-0.18605730935387257
49,baseball player greets fans,0.19879889449319554,0.33509320140011084,http://c8.alamy.com/comp/G2YNWT/june-4-2016-somerset-patriots-outfielder-carlos-guzman-13-signs-autographs-G2YNWT.jpg,-0.1362943069069153
50,a woman in blue shirt standing over an infant,0.18475153592811197,0.2013372163810348,http://media1.s-nbcnews.com/j/MSNBC/Components/Photo/_new/110624-circumcision-hmed-330a.grid-7x2.jpg,-0.01658568045292283
51,person waves to fans in the crowd,0.2626790814430426,0.427121900461443,https://media.gettyimages.com/photos/enrique-meza-coach-of-pachuca-greets-the-fans-during-a-match-between-picture-id453421050?k=6&m=453421050&s=612x612&w=0&h=434QEbHN4J8Cmwsnp-x4Xn3t19cNdKInM06f_QPDE3I=,-0.1644428190184004
52,the dc comics fan art of person,0.27526710114527936,0.46668879602861113,https://i.pinimg.com/736x/32/d8/0e/32d80e8ef0e4569cab377304434d8cc6--batwoman-batgirl.jpg,-0.19142169488333177
53,fans pose for a photo,0.33929595026379533,0.482568254040464,https://imagesvc.timeincapp.com/v3/fan/image?url=https://gojoebruin.com/wp-content/blogs.dir/202/files/2015/12/ncaa-football-oregon-ucla.jpg&c=sc&w=850&h=513,-0.14327230377666866
54,fans cheer as basketball team play their first game in a big tournament,0.16407131242546427,0.3617201039372915,https://imagesvc.timeincapp.com/v3/fan/image?url=https://fansided.com/wp-content/blogs.dir/229/files/2014/11/ncaa-basketball-marquette-georgetown.jpg&c=sc&w=850&h=551,-0.1976487915118272
55,the carolina panthers football team celebrates with the trophy and fans,0.20784774933466943,0.2808684112238592,https://i2.wp.com/www.twincities.com/wp-content/uploads/2016/09/camnewton-teammates.jpg?w=620&crop=0%2C0px%2C100%2C9999px,-0.07302066188918976
56,"fans in the crowd at the stadium, watching a match",0.2610637780118037,0.49936233277118164,http://l7.alamy.com/zooms/b60424c0253641588ed6d7ba1f8b70f4/slovak-fans-follow-the-final-match-slovakia-vs-russia-iihf-ice-hockey-cb1nyc.jpg,-0.23829855475937795
57,fans wave a flag before the match,0.2626825868950376,0.38015717308375085,https://media.gettyimages.com/photos/saracens-fans-during-the-aviva-premiership-final-between-saracens-and-picture-id494846189?s=612x612,-0.11747458618871326
58,liverpool fans show their support in the stands,0.20101145784655344,0.3709723738958484,https://dynaimage.cdn.cnn.com/cnn/digital-images/org/270ee306-0f45-4b29-b640-11bd4f705c11.jpg,-0.16996091604929497
59,fans at a sports game,0.30311554900931326,0.519304223015527,https://img.bleacherreport.net/img/slides/photos/003/492/799/hi-res-186660541-fans-of-the-philadelphia-76ers-cheers-against-the_crop_exact.jpg?h=533&w=800&q=70&crop_x=center&crop_y=top,-0.21618867400621378
60,fans wave flags as they leave the stage at red bull salzburg,0.18855868936627776,0.3268848528478225,"https://img.redbull.com/images/c_fill,g_auto,w_860,h_573/q_auto,f_auto/redbullcom/2017/04/17/76b09b0e-83ac-4894-9a60-541b2bffc9d4/homerun",-0.13832616348154472
61,"kiss gel fantasy, 24 pc",0.17275466387638116,0.2317996756874167,https://i5.walmartimages.ca/images/Enlarge/296/359/6000200296359.jpg,-0.059045011811035525
62,two men standing next to each other in front of fans,0.3355917975110328,0.4198353363141888,https://upload.wikimedia.org/wikipedia/commons/thumb/0/03/Pacquiao_-_PBA-Kia_Sorento_player.jpg/400px-Pacquiao_-_PBA-Kia_Sorento_player.jpg,-0.08424353880315599
63,a male fan during the press conference for person,0.2731809926345225,0.40034078087394365,https://media.gettyimages.com/photos/british-actor-tom-hopper-attends-the-wizard-con-press-conference-on-picture-id452029298?s=612x612,-0.12715978823942115
64,"the elder scrolls fantasy concept art, concept art world, person, character development, dungeons, illustration, gaming",0.1740871935490013,0.236679128421989,https://cdn.hipwallpaper.com/i/70/88/WbgZjl.jpg,-0.0625919348729877
65,clemson fans celebrate at the bar,0.1826863331592169,0.3411849419879224,https://specials-images.forbesimg.com/imageserve/5ea17934dea8300007de9a00/960x0.jpg?cropX1=0&cropX2=1432&cropY1=0&cropY2=806,-0.15849860882870548
66,person at the premiere for fantastic beasts,0.14537573102541904,0.2477891834564331,https://imagesvc.meredithcorp.io/v3/mm/image?url=https%3A%2F%2Fstatic.onecms.io%2Fwp-content%2Fuploads%2Fsites%2F20%2F2018%2F11%2Fjohnny-depp1.jpg,-0.10241345243101407
67,the ultimate guide to select the best ceiling fan,0.542663385857729,0.364645332896753,https://contentgrid.homedepot-static.com/hdus/en_US/DTCCOMNEW/Articles/fireplace-ideas-section-6.jpg,0.178018052960976
68,a fan in an orange uniform waving and cheering,0.35613760355115665,0.4996850588519759,https://cdn.newsapi.com.au/image/v1/c50b5312212ee84c03d31bb6c0243ddf?width=1024,-0.14354745530081925
69,"an infant shop, with toys, books, and toy blocks in the background",0.2514846776178827,0.31215707831127687,https://s3.amazonaws.com/edutoysplanet/educational-toys-planet-inside-the-store-fragment.jpg,-0.06067240069339419
70,"a tree, lights in the night, fantasy, fantasy, fairy",0.2315956316711255,0.27946524332647704,https://i.pinimg.com/originals/89/fe/a6/89fea602e64360ef36dcc72f905df1f7.jpg,-0.04786961165535153
71,the north face infant boys revaux reversible jacket,0.14781182563311987,0.19408652518562416,https://ak1.ostkcdn.com/images/products/is/images/direct/24132c7cbbb8ecd73b1e35096424909bf21fa74c/The-North-Face-Boys%27-Reversible-Mount-Chimborazo-Jacket-Montague-Blue-Denim-Print.jpg?impolicy=medium,-0.046274699552504295
72,"folded paper fan in dark blue color, with the bird flying away",0.41190277849182316,0.4963173700362856,https://i.pinimg.com/originals/0a/f1/c4/0af1c4cd71aeea5c592247c7fe71af7b.jpg,-0.08441459154446246
73,"some sketches from the alien novel aliens, monster movies, fantasy creatures, fantasy art, arte humana,",0.17070301734560409,0.2519503550187298,https://i.pinimg.com/originals/af/3f/18/af3f1840d956ad8e42517170e74aa4e6.jpg,-0.08124733767312572
74,"eagles fans cheer as the philadelphia eagles take on the miami dolphins at lincoln high school in philadelphia, friday,",0.1250748936595487,0.2526806407949824,https://media.bizj.us/view/img/4254681/fan20140907ewh0250jaguarseagles*750xx5760-3240-0-300.jpg,-0.1276057471354337
75,"the concept artwork and design work behind the game character character, character art, fantasy creatures, fantasy characters,",0.15886321750906873,0.24483522023982776,https://i.pinimg.com/originals/12/34/c0/1234c081a4cce661bf5204de24b78006.jpg,-0.08597200273075903
76,anime fanart of kimetsu and miki,0.24388542891401033,0.37763282034638734,https://inasianspaces.files.wordpress.com/2019/09/bladeimmortal-5708982a3df78c7d9ed201a5.jpg?w=1200,-0.13374739143237702
77,an infant in a hospital bed with two injured fingers,0.17930107074202967,0.31027836342269055,https://img.freepik.com/free-photo/close-up-hand-s-patient-baby-hospital_39704-2960.jpg?size=626&ext=jpg,-0.13097729268066088
78,several soccer fans are wearing green shirts and orange ties,0.21914695015534483,0.3476469958956187,https://img.izismile.com/img/img9/20160617/640/the_many_faces_of_soccer_fans_of_euro_2016_640_75.jpg,-0.12850004574027388
79,a tropical themed cake with hawaiian fans and surfboards,0.3499250191978916,0.38681970354912126,https://i.pinimg.com/originals/6a/d2/1c/6ad21c83662a2ff467de067c38de7481.jpg,-0.03689468435122967
80,a graphics card with the red fan logo,0.36440845462928706,0.4276039990077145,https://img10.360buyimg.com/imgzone/s550x550_jfs/t11518/84/736898537/73942/a0e2f333/59f7d4b1Ne868b1a7.jpg,-0.06319554437842745
81,a portrait of an infant with a sun above it,0.2677375803553304,0.3148838620712523,https://i.yvonnemaya.nl/s/84/olieverfportret-peuter-in-opdracht.855x602.jpg,-0.04714628171592189
82,"the room has a queen bed, and the ceiling fan, and a window",0.4396375356398929,0.41814257940629695,"https://res.cloudinary.com/resortsandlodges/image/fetch/w_800,h_520,c_fill/https://media.travelnetsolutions.com/32f65193edda7312af4913f2a9bd7c16/original.jpg",0.02149495623359593
83,the skull and fangs,0.150358896803504,0.18309950159547494,https://ak5.picdn.net/shutterstock/videos/1018137715/thumb/1.jpg,-0.03274060479197094
84,a box of fancy feast cat food,0.21680216166630847,0.24098169117419446,https://cutpcdnwimages.azureedge.net/images/products/910000/912183-600x600-A.jpg,-0.02417952950788599
85,a man wearing a grey renewable energy t shirt with the words renewable energy i'm a big fan,0.29492385748122246,0.36011629225869457,https://i.ebayimg.com/00/s/MTAwMFgxMDAw/z/nUYAAOSwzixdLvIA/$_1.JPG?set_id=880000500F,-0.06519243477747211
86,"some creature designs for the game person and alien character sketches, character drawing, character design, fantasy creatures,",0.13037279744086583,0.26969898789017716,https://i.pinimg.com/originals/11/02/5f/11025f519cd51a4ad31f9cc1b3152780.jpg,-0.13932619044931133
87,"a girl in a jedi kling suit, with her dad and a fan, holding a star wars fan",0.24035931873369248,0.38420508647793744,https://i.kym-cdn.com/photos/images/newsfeed/001/701/094/f6d.jpg,-0.14384576774424496
88,tables and chairs inside a room with a ceiling fan,0.5539132245820417,0.5462167516449814,https://i.pinimg.com/originals/f7/91/72/f79172e21cc9f30a6bb2f13c774ed0b1.jpg,0.007696472937060328
89,"the korean drama series, romance and fantasy film releases in 2019",0.0908094920328702,0.12517640242040154,https://0.soompi.io/wp-content/uploads/2016/08/16202935/Moonlight-Drawn-By-Clouds-poster1.jpg?s=900x600&e=t,-0.03436691038753134
90,"the joker and his person fan art drawing, joker png clipart",0.2926627015616521,0.4254421201683423,https://c7.uihere.com/files/1007/353/177/contact-thumb-human-leg-art-the-planetary-society-carl-sagan.jpg,-0.13277941860669024
91,the witch blades key chain wolf fangs triangle shape metal keychais for car ornaments,0.2341935969797986,0.23008727381332278,https://cutewallpaper.org/21/morrowind-logo/HOT-Game-The-Elder-Scrolls-Keychain-Morrowind-Logo-Pendant-.jpg,0.004106323166475828
92,the soccer fans of colombia and venezuela with a flag stock illustration,0.26858193294886434,0.36585894821123954,https://thumbs.dreamstime.com/b/colombian-football-fans-cheering-colombia-flag-colors-fr-front-soccer-ball-graffiti-all-objects-different-118038436.jpg,-0.0972770152623752
93,golfers and fans at the 16th hole at the 2018 pga golf tournament,0.19535233085870152,0.2828231043915801,https://www.thepalmbeaches.com/sites/default/files/Crowd%20at%20The%20Honda%20Classic.jpg,-0.08747077353287858
94,"the master bedroom with dark hardwood floors, ceiling fans, and a view out to the backyard",0.4346437901780516,0.38704382817171706,https://luxport.s3.amazonaws.com/45887/13F53809-6A0F-452C-AD47-9F919294586D%2B9F919294586D_017_S.jpg,0.04759996200633454
95,the interior of the villa with the pool and fantastic mushroom garden,0.18568127226548267,0.21194383831871202,https://image.dhgate.com/0x0s/f2-albu-g10-M01-F3-10-rBVaVl4O-bOANdwxAAv7oRmxVRs656.jpg/custom-mural-3d-wallpaper-mushroom-hut-in.jpg,-0.026262566053229353
96,"wedding tables are decorated with pink flowers, white candles and fancy white plates",0.2787389315582723,0.3140625478641652,https://www.ofdesign.net/wp-content/uploads/files/9/2/9/70-ideas-for-decorating-wedding-pure-romance-to-the-table-60-929.jpg,-0.035323616305892924
97,someone in a yellow glove is plugging a broken computer fan,0.3854404252891996,0.6014748258003307,https://www.widgion.com/wp-content/uploads/2019/07/removing-computer-case-thumb-screws-1024x683.jpg,-0.21603440051113115
98,fans hold up flags as they cheer during the match,0.2475591708841078,0.42722675892898154,https://media.gettyimages.com/photos/everton-fans-and-flags-before-the-carabao-cup-match-between-everton-picture-id1184463898?s=612x612,-0.17966758804487373
99,a fan of barcelona iphone soft case,0.2773519780862319,0.36150142288319853,"https://ih1.redbubble.net/image.774321273.2980/icr,iphone_11_soft,back,a,x600-pad,600x600,f8f8f8.u3.jpg",-0.08414944479696662
100,a woman in purple is holding a fan and money,0.3407457748491606,0.46843926971224464,https://t1.thpservices.com/previewimage/gallil/97ad10a25a14a8ed1bfc81f89dae7f41/esy-022585071.jpg,-0.12769349486308407
101,a poster showing two men in glasses with fangs and fangs in neon,0.2565402431381001,0.32197086995725993,https://images-na.ssl-images-amazon.com/images/I/51J2GTLeJ5L._AC_.jpg,-0.06543062681915984
102,a white buffalo skull with long horns and fangs stock images,0.2733970152569906,0.2223479173140199,https://thumbs.dreamstime.com/b/closeup-wild-boar-hog-tusks-showing-killed-low-country-plantation-south-skull-wild-boar-hog-144148150.jpg,0.05104909794297072
103,two scuba divers swimming near a giant sea fan coral,0.21450690099288286,0.2777478423355581,http://www.passionparadise.co/wp-content/uploads/2017/01/passion-paradise-adventures-october-honeymoon-couple-blog-photos-3-1024x768.jpg,-0.06324094134267524
104,a digital fantasy unicorn horse in front of the moon with bright pink glows on its face,0.26241014740407537,0.34953603008910117,https://image.shutterstock.com/image-illustration/dark-unicorn-pink-light-eyes-600w-1349965907.jpg,-0.0871258826850258
105,a fan with a mask of their teammate during the game,0.3337996127114557,0.4723666188547489,https://www.nba.com/blazers/sites/blazers/files/20151128_36693.jpg,-0.1385670061432932
106,"person riding on a tyrosaurusaurus rex, in the mythology movie person, person, fantasy creatures,",0.14090130607889897,0.2348784389417858,https://desigg.com/wp-content/uploads/2011/05/DC_Comics___Riding_a_T_Rex_by_adonihs.jpg,-0.09397713286288684
107,a group of boys in white and green shirts hold hands in front of a basketball fans,0.2261170572180609,0.35969624934804983,https://www.gannett-cdn.com/presto/2020/01/06/PLOU/ed3eca0e-2638-4bc5-bc0a-604049da59a6-0104TrinityVsStXBBsktb04_DRL.JPG?width=680&height=510&fit=bounds&auto=webp,-0.13357919212998892
108,a living room with a fireplace in the middle and a ceiling fan in the ceiling,0.558014175235896,0.579484196807869,https://www.housetrends.com/wp-content/uploads/2018/11/024htpt04121_full.jpg,-0.021470021571972975
109,a pakistani fan cheers on her team during the match against pakistan,0.23226061140970325,0.3847941590498212,http://i.dawn.com/primary/2016/11/582ca83e618e9.jpg,-0.15253354764011798
110,a male white demon mask with horns and fangs,0.28520944936717213,0.2501289078656533,https://target.scene7.com/is/image/Target/GUEST_1ea970ca-aad7-4ea3-843e-1c3ecfb6684a?wid=488&hei=488&fmt=pjpeg,0.03508054150151885
111,person's sketches for star wars the force awake and a character sheet for fans of star wars comic books,0.20137942153774238,0.341296939438725,https://i2.wp.com/ryanolsenstudios.com/wp-content/uploads/2018/11/REAL-EBAY-PROMO-2.jpg?resize=525%2C737&ssl=1,-0.13991751790098264
112,"an assassin assassin art, assassins, fantasy artwork, person, video games, wallpaper backgrounds, cyber girl",0.25227030128266376,0.2308584264639116,https://i.pinimg.com/originals/19/f6/2b/19f62bd2bcb7863402f7b8a5242189cf.jpg,0.021411874818752147
113,person's shirt has been cut short to the side as he waves to fans,0.20598938432664698,0.33847522233843497,https://statics.sportskeeda.com/editor/2018/03/dfc7a-1520605824-800.jpg,-0.13248583801178798
114,a crowd of fans in the grandstand at the red bull arena,0.21781556889301837,0.44620007270103457,https://cdn-1.motorsport.com/images/mgl/2eMEvkP2/s8/f1-german-gp-2018-a-huge-crowd-in-a-grandstand.jpg,-0.2283845038080162
115,"an image of fans painted on a wall in the stadium, with a message in russian and english",0.2824623831717412,0.3522473909266496,https://i.pinimg.com/originals/02/c4/d7/02c4d767538adc9252d9fc5e80b84e32.jpg,-0.06978500775490837
116,"a hand holding up a colorful paper fan, with the fan in the foreground",0.4854686590928425,0.6105026811640647,https://i.pinimg.com/originals/35/26/93/35269301379eee7353f4009d96945671.jpg,-0.12503402207122222
117,supernatural supernatural fan film series t shirt,0.24517752446029314,0.30267173173631917,https://teelily.info/content/uploads//images/September2019/supernatural-end-of-the-road-shirt.jpg,-0.05749420727602603
118,christmas decorations at the new fantasyland exhibit,0.1853632784083909,0.2843790872598372,https://i.pinimg.com/originals/d7/84/64/d784644fc67ff7c9d1adf1f357926fea.jpg,-0.09901580885144629
119,two people blow up the cooling mist from a fan,0.43742919790073165,0.5493287041294045,https://nnimgt-a.akamaihd.net/transform/v1/crop/frm/n8uGJwMg95DiH9D4L9ShGa/5a77b335-455e-42d0-b198-7c251b394ce4.jpg/r0_41_800_491_w1200_h678_fmax.jpg,-0.11189950622867284
120,the beast a graphic novel for fans of fantasy books,0.19726544186540337,0.3163314820806202,https://cdna.artstation.com/p/assets/images/images/006/996/818/20170816083247/smaller_square/gaelle-marco-the-beast-front-cover-final-web.jpg?1502890369,-0.1190660402152168
121,the first ever wwe world heavyweight championship is being watched by fans,0.1545904283062935,0.2642664535361124,https://www.wwe.com/f/styles/gallery_img_l/public/all/2016/12/115_ROAD_12182016jg_0556--71f71fb964aaaa1d4c55f88809a14d40.jpg,-0.1096760252298189
122,"a military unit of british infantry, with the front of their guns pointed up at soldiers, in a battle",0.1506243097045159,0.16816098584240577,https://render.fineartamerica.com/images/images-profile-flow/400/images/artworkimages/mediumlarge/1/the-battle-of-inkerman-1854-ron-embleton.jpg,-0.017536676137889867
123,the indianapolis 500 grider and racing fans enjoy the sun at the track,0.2502566607270213,0.37315118355116367,https://nnimgt-a.akamaihd.net/transform/v1/resize/frm/storypad-9nQYdrBHQxDB6mMpJRZdp8/0f296cce-1999-4fba-9679-056a72cb871e.jpg/w1200_h678_fmax.jpg,-0.12289452282414237
124,fans watch an explosion in the street during the start,0.17107285561856383,0.33204082324406453,https://www.dailyherald.com/storyimage/DA/20191019/NEWS/191018875/EP/1/1/EP-191018875.jpg&updated=201910192042&MaxW=900&maxH=900&noborder&Q=80,-0.1609679676255007
125,manchester city's person with fans after the match between manchester city and afca at wembley stadium on december,0.1996300341961025,0.32009042376865254,https://media.gettyimages.com/photos/manchester-citys-pablo-zabaleta-embraces-wife-christel-castano-after-picture-id826126652?s=612x612,-0.12046038957255004
126,fans cheer before the hockey game,0.2081698230487834,0.3962253156499344,https://images.thestar.com/kunKaGSREy2QPTBsuaa1yOsy0NQ=/1086x724/smart/filters:cb(2700061000)/https://www.thestar.com/content/dam/thestar/sports/hockey/worldjuniors/2015/01/04/iihf_blames_hockey_canada_for_high_ticket_prices_low_attendance_at_wjhc/bell_centre_crowd.jpg,-0.188055492601151
127,dolphins fans show their support for person during the fourth quarter of a game at soldier field,0.2207297917653922,0.3431328576350479,https://images1.miaminewtimes.com/imager/u/745xauto/11239456/img_0179.jpg,-0.12240306586965571
128,"the orange orange logo on the new jersey, a fan favourite",0.26163160428073834,0.40104509831291096,https://images-platform.99static.com//Q-TeyTxCmyOMZM2ueNtDYO-6v0w=/309x6029:1688x7408/fit-in/500x500/99designs-contests-attachments/69/69721/attachment_69721910,-0.13941349403217262
129,the knicks dancers are ready to perform for the fans in their seats,0.20823667863068326,0.32485811263475384,https://www.nba.com/knicks/sites/knicks/files/kcd_10.2910.jpg,-0.11662143400407057
130,actress person with her fans at the inauguration event of a textile manufacturing company in chennai,0.183828106514145,0.3580763622698057,https://i.pinimg.com/originals/3e/2f/49/3e2f49949b42fa7f4e3a8831b6f4e8fd.jpg,-0.17424825575566072
131,"the person, collage of images from a fantasy novel i was commissioned to create a collage of photos",0.19262752914537457,0.29082713962116485,https://i.pinimg.com/originals/1f/24/29/1f24299e293789901cecedb5db6353e3.jpg,-0.09819961047579029
132,a woman with blonde hair and blue eyes at a fan event,0.28724511852403134,0.38425541939429625,https://www1.pictures.zimbio.com/gi/Kirstie+Alley+Premiere+Quiver+Distribution+d-GCLiTXtq2l.jpg,-0.09701030087026491
133,"collage of some fan art, some game art",0.2879952771888611,0.39769899019547184,"https://images.fastcompany.net/image/upload/w_1280,q_auto,f_auto,fl_lossy/wp-cms/uploads/2019/04/p-1-90338788-dreams-is-the-most-important-new-game-in-a-decade.jpg",-0.10970371300661075
134,bedroom with a ceiling fan and a bed in front of a window,0.5495772477329771,0.48162767141712237,http://www.thewoodlandslocatingservices.com/wp-content/uploads/2015/02/pic-eighteen1.jpg,0.06794957631585474
135,a woman with a fanny bag and sunglasses standing in front of a crowd,0.21426708504660713,0.3272693709664595,"https://thefader-res.cloudinary.com/private_images/w_760,c_limit,f_auto,q_auto:eco/E9A6B8E0-09CB-4D7A-8B9A-72B7471E5F94_xbu0ad/gov-ball-street-style.jpg",-0.1130022859198524
136,many of the fans have fun at the game,0.20087514244034282,0.4123317027279528,https://static01.nyt.com/images/2009/07/12/sports/managers_large.jpg?quality=75&auto=webp&disable=upscale,-0.21145656028760995
137,australian cricket player person talking with fans in the crowd at the mcg,0.18199792424032207,0.3321303021819207,https://media.gettyimages.com/photos/cronulla-rugby-league-coach-tommy-bishop-during-the-game-against-at-picture-id1078817836?s=612x612,-0.15013237794159862
138,a demons fan with his arms raised above the fire in front of an afl crowd,0.2681692280640715,0.42767669297597266,https://cdn.newsapi.com.au/image/v1/115d45e657346ae22a48f37434831737?width=1024,-0.15950746491190115
139,a big angry dog with his mouth open and his teeth full of fangs vector illustrator stock illustration,0.2081390065472094,0.27676823191594224,https://thumbs.dreamstime.com/b/cartoon-angry-dog-breed-rottweiler-gets-growls-bares-his-teeth-131889010.jpg,-0.06862922536873284
140,blue and white banners at football stadium with slogans for football fans in the stands,0.26305388454246775,0.39949015276608163,https://www.abc.net.au/cm/rimage/10780408-4x3-xlarge.jpg?v=2,-0.13643626822361388
141,the force awake cosplay kyder star wars kids costume boys jedi death fighter fancy costumes for halloween mas,0.1324724593381351,0.2375962243401131,https://ae01.alicdn.com/kf/H8c583f0f367645dca184a0ae2dece591T/Star-Wars-Kids-Costumes-Darth-Vader-Jedi-Knights-of-Ren-Girls-Cosplay-Disguise-May-The-Force.jpg_q50.jpg,-0.10512376500197801
142,a little boy with an infant on his lap,0.19130848632825653,0.29874376649629725,http://static.flickr.com/3068/2881117196_66a1b8fe16.jpg,-0.10743528016804071
143,a fan is in the corner by the window,0.5222277338409043,0.6358593761349106,http://static.flickr.com/3485/3790096915_9ddbaaeff1.jpg,-0.11363164229400635
144,a very fancy light hanging from the ceiling,0.5253447143814328,0.4140293630597214,http://static.flickr.com/2325/2060748818_20dbdca593.jpg,0.11131535132171144
145,person gets a laugh on the face as he greets the fans and guests at his special event,0.1668565703209481,0.3492728541192566,http://i.dailymail.co.uk/i/pix/2015/11/14/01/2E6CDBDD00000578-3318068-image-m-19_1447464218023.jpg,-0.18241628379830852
146,many soccer fans have their own smoke and flares as they invade to the stands,0.19796684622392385,0.38393672908926235,http://i.dailymail.co.uk/i/pix/2017/11/29/08/46C852C100000578-5126979-image-a-11_1511945289376.jpg,-0.1859698828653385
147,a burnley man and burnley football fan celebrate at the end of the match,0.17227964799423479,0.3296266760716277,https://media.gettyimages.com/photos/west-ham-uniteds-dean-ashton-celebrates-scoring-his-sides-second-goal-picture-id663083556?s=612x612,-0.15734702807739293
148,the cyclist signs autographs for his fans after he rides,0.17634884889550687,0.26690280798891486,http://l7.alamy.com/zooms/51cc07e826f44f96989d60cfed63e2de/dutch-cyclist-erik-dekker-team-rabobank-just-before-the-start-of-the-am91x8.jpg,-0.09055395909340799
149,an empty wembley stadium with fans in the stands and one player standing in the middle,0.2906426613008442,0.3938802168842798,https://www.thefreebetguide.com/wp-content/uploads/2017/02/Wembley-Stadium.jpg,-0.10323755558343561
150,a living room with a fireplace and ceiling fan,0.5730973794808625,0.5753594866777151,http://www.images.deborahcull.com/Renovation/Before-Photos/i-Q4ZsCXG/0/X3/Renovations%20Before-0017-X3.jpg,-0.002262107196852603
151,football fans in the middle of a crowded football stadium,0.24496404367677915,0.5532691338863748,http://davesizer.com/blogs/wp-content/uploads/2016/10/UW_Stanford-58.jpg,-0.3083050902095956
152,australian rules footballer greets fans on the street as he leaves after his departure,0.12728641290859244,0.2579719957463845,https://media.gettyimages.com/photos/rahul-dravid-of-india-meets-the-fans-during-the-australian-test-team-picture-id136078638?s=612x612,-0.13068558283779208
153,fans with flags at the stadium,0.3115513031676002,0.4931362402681697,http://l7.alamy.com/zooms/f3151d967f74448fbfafe82d32cac832/arsenal-fans-in-the-stands-before-the-emirates-fa-cup-semi-final-match-j20ntt.jpg,-0.1815849371005695
154,an electric fan on a vehicle,0.5520642359491473,0.49590221407191126,https://thumb1.shutterstock.com/display_pic_with_logo/187037290/773577940/stock-photo-a-large-black-industrial-fan-mounted-on-a-red-frame-773577940.jpg,0.05616202187723607
155,pop artist greets fans outside theater,0.19309091128689054,0.3569941944344041,http://i.dailymail.co.uk/i/pix/2013/08/20/article-2397659-1B621214000005DC-14_634x497.jpg,-0.16390328314751357
156,a fan with his hands raised during the game,0.3774114029105527,0.5126668639929145,http://l7.alamy.com/zooms/9ee8dc1053b0448fa13874517b8e1797/northern-ireland-fans-continue-to-celebrate-despite-defeat-well-after-g5kah4.jpg,-0.1352554610823618
157,fans pose with a fan in the store before signing copies,0.3052801763253026,0.4529436056646005,https://media.gettyimages.com/photos/fans-on-line-during-the-book-signing-of-18-and-life-on-skid-row-at-picture-id628958532,-0.14766342933929794
158,a fan looks on during the game against sports team,0.33489155345557536,0.45349823467564165,https://media.gettyimages.com/photos/brigham-young-cougars-fan-reacts-to-a-first-half-first-down-play-by-picture-id845105136?k=6&m=845105136&s=612x612&w=0&h=nwA69UWcyw8AqOwKSsFT-TxHc3Hmv1Q71Z2yHjotSjg=,-0.11860668122006629
159,noble couple arrive for the world premiere of fantasy film,0.12147436756170396,0.1714449275772189,http://l7.alamy.com/zooms/18b84dabfda04c8db0fdb70d62f882dc/william-duke-of-cambridge-attends-the-royal-film-premiere-of-the-hobbit-d1ah90.jpg,-0.04997056001551495
160,racecar driver signing autographs for the fans,0.18456585036669934,0.3023277275384463,https://media.gettyimages.com/photos/mclaren-formula-1-driver-jenson-button-signs-autographs-for-fans-at-picture-id117950588?s=612x612,-0.11776187717174694
161,a ceiling fan mounted on a suspended wall,0.6249530835422171,0.4722906446010108,https://i.pinimg.com/736x/b7/ef/fb/b7effb2ad1e1436958b141fd37abdf8e--giros-computer-accessories.jpg,0.15266243894120635
162,fans are waving flags in the stands,0.3339585738683028,0.4577848039171916,https://www.raiders.com.au/siteassets/2017/04/nrl-rd5-raiders-vs-eels-0591.jpg?center=0.3%2C0.5&preset=hero-article-fill,-0.12382623004888882
163,fans cheer before the game against the ucla ucla la rams,0.1682162704053267,0.372860083499003,https://www.ocregister.com/wp-content/uploads/migration/o0v/o0vkzt-b88614744z.120160112210733000ga5e8km0.10.jpg?w=620,-0.20464381309367632
164,basketball player holding up cards with fans during media day,0.231573380154167,0.3566517841887798,https://media.gettyimages.com/photos/december-18-2014-dwyane-wade-reads-with-children-during-wades-world-picture-id579786086?s=612x612,-0.1250784040346128
165,actor person signing autographs for fans on his arrival at the sahara lounge in hollywood,0.17434548785962534,0.2862579663079055,https://media.gettyimages.com/photos/singer-jesse-mccartney-attends-the-today-show-taping-at-nbc-studios-picture-id83095932?s=612x612,-0.11191247844828017
166,"the living room has carpet, ceiling fan and window",0.4349159426213978,0.49043719280167686,https://image.rentals.com/imgr/b051787ebde71fbe65f52824c920cd39/,-0.055521250180279036
167,a arsenal fan in the stands with his hands on his head,0.2654431069060801,0.4151846995302529,https://www.thesun.co.uk/wp-content/uploads/2016/08/nintchdbpict000259280811.jpg?w=960,-0.1497415926241728
168,a group of ump fans react in the stands at a basketball game,0.220322729901887,0.3742218526955695,http://ualr.edu/news/files/2016/03/story2.jpg,-0.1538991227936825
169,"a sign at the stadium reading, and a fan with the phrase that escape",0.24274299837807378,0.3699215811670417,http://i.dailymail.co.uk/i/pix/2012/05/13/article-2143859-13119A15000005DC-319_634x431.jpg,-0.12717858278896793
170,soccer player sits on a banner as he celebrates with fans,0.1792156433307637,0.3467448389274919,https://media.gettyimages.com/photos/branislav-ivanovic-of-chelsea-sits-on-the-winners-podium-after-the-picture-id464884688?k=6&m=464884688&s=612x612&w=0&h=telOUEfz4VhX4vtZ_UGsrwdZsFQjzEkuF0KeQ1c3t0Y=,-0.16752919559672821
171,fans taking photos of the new nissan gt45 police car on its parade,0.22094103323985498,0.3029909249004385,https://media.gettyimages.com/photos/crowds-pay-respect-during-the-johnny-hallyday-tribute-on-december-9-picture-id889042770?s=612x612,-0.08204989166058352
172,fans in the stands watching a baseball game,0.27527813233372855,0.42950169890791046,http://l7.alamy.com/zooms/e554c75c6cdd4038869dee3c74149e2e/fans-in-bleachers-watch-a-cubs-baseball-game-at-wrigley-field-in-chicago-bd30t1.jpg,-0.1542235665741819
173,the warriors fans celebrate a point after a victory over the warriors in game 3,0.1941069177558639,0.31863196827444557,https://media.gettyimages.com/photos/the-crowd-cheers-after-stephen-curry-of-the-golden-state-warriors-a-picture-id468444356?k=6&m=468444356&s=612x612&w=0&h=lTujGzosUMZ9-7IFNosUgKoWmw1xHHPkoIQb38W_WhM=,-0.12452505051858168
174,hip hop artist and a fan attend the awards14,0.2595049084408534,0.3263765468804318,https://media.gettyimages.com/photos/rapper-ty-dolla-sign-and-dj-mustard-attend-the-bet-awards-14-at-nokia-picture-id451487878?s=612x612,-0.06687163843957838
175,person is greeted by fans after a performance,0.1885638931191812,0.3587353174165039,https://media.gettyimages.com/photos/singer-bradley-walden-of-emarosa-performs-in-the-crowd-at-seaside-on-picture-id481720120?s=612x612,-0.17017142429732268
176,fans are pictured at a concert with their eyes closed and hands up,0.28488190537226193,0.438317833731,https://media.gettyimages.com/photos/fan-holds-up-a-sign-for-lukas-graham-as-they-play-the-final-concert-picture-id668232408?s=612x612,-0.15343592835873804
177,fans in the stands during a match,0.3089337551185765,0.49060778804300853,https://media.gettyimages.com/photos/nottingham-forest-fan-looks-concerned-during-the-cocacola-match-picture-id52739220,-0.18167403292443202
178,a ceiling fan in a room with blue walls,0.6354522239868265,0.5448777136524598,https://i.pinimg.com/736x/35/6b/e3/356be3bf9c635d1600502e8f04af026e--bedroom-ceiling-ceiling-fans.jpg,0.0905745103343667
179,the fans during the soccer match,0.24539980529409447,0.4155418262796573,http://c8.alamy.com/comp/KCBBCD/richmond-football-club-fans-standing-and-cheering-on-their-team-at-KCBBCD.jpg,-0.17014202098556283
180,fans during the match,0.2782450076292365,0.5039087629054986,https://media.gettyimages.com/photos/atletico-madrid-fans-watch-their-team-play-athletic-bilbao-in-the-picture-id144108574,-0.2256637552762621
181,a group of fans are greeted by football player,0.170391228077562,0.3928282672978644,https://media.gettyimages.com/photos/greg-jennings-of-the-green-bay-packers-is-mobbed-by-fans-after-into-picture-id124856672,-0.22243703922030242
182,a bride and groom hold hands in front of cinderella's castle at disney's fantasyland,0.08842029067793479,0.17727468045519146,https://i.pinimg.com/736x/37/07/5b/37075b780dc85157e3c1aa5b2498caad--disney-engagement-disney-fine-art.jpg,-0.08885438977725667
183,basketball player signs autographs for fans before the game against sports team,0.1756956418415259,0.31108867458175454,https://media.gettyimages.com/photos/karlanthony-towns-of-the-minnesota-timberwolves-signs-autographs-the-picture-id518938804,-0.13539303274022865
184,fans are seen during the match,0.30114834663312523,0.5005176436653771,https://media.gettyimages.com/photos/fans-of-kashima-antlers-cheer-during-the-xerox-super-cup-match-and-picture-id642520154,-0.19936929703225187
185,"person with fans wearing the jerseys of himself, including basketball player, at a soccer practice on wednesday",0.20573535830540327,0.32669784728897494,http://i.dailymail.co.uk/i/pix/2015/07/21/01/2AB405FE00000578-3168887-Bryant_is_a_well_known_Barca_fan_and_got_the_chance_to_hang_out_-a-18_1437439014597.jpg,-0.12096248898357168
186,a fan shows her support for hockey player as he skates during the first period,0.25964143480770857,0.3454918730811654,http://www.dailyherald.com/storyimage/DA/20130223/sports/702239935/EP/1/5/EP-702239935.jpg&updated=201302222310&MaxW=800&maxH=800&noborder,-0.08585043827345684
187,a ceiling fan with three clear glass lights,0.7157791559957657,0.4047513052618106,https://contentgrid.homedepot-static.com/hdus/en_US/DTCCOMNEW/fetch/FetchRules/Rich_Content/r-2-pod-3-energy-efficient-led-light-fixture-2.jpg,0.3110278507339551
188,the crowds of fans watching race action on the hill,0.2330174541942381,0.3700503629683561,https://i.imgur.com/YjKoXg.jpg,-0.13703290877411797
189,the cars of nascar fans during a nascar nationwide series race on august 23 in atlanta,0.21331504939171578,0.25289289041052915,https://media.gettyimages.com/photos/race-action-during-the-nascar-camping-world-truck-series-chevrolet-picture-id486016204?s=612x612,-0.03957784101881337
190,the football fans sign at the emirates wembley stadium before their match with fulham,0.17386844665727927,0.32553290564472165,https://media.gettyimages.com/photos/the-logo-for-football-against-racism-in-europe-is-displayed-on-the-picture-id661399088?s=612x612,-0.15166445898744238
191,a person statue is held on an escalator for fans to go up,0.339861204698161,0.3497160412758021,https://static.seattletimes.com/wp-content/uploads/2016/12/12302016-rally09-1020x672.jpg,-0.00985483657764108
192,an empty room with a fan and carpeted floor,0.5498503920691388,0.5421897170959578,https://images1.apartments.com/i2/7QdapItOLVRYSaC7stzwcIMjnGgX1_lh3p64Rh_X67M/117/application-fees-waived-for-a-limited-time-louisville-ky-building-photo.jpg,0.007660674973181014
193,a group of women dressed in fancy clothes dancing,0.13389735883388557,0.3243927333600767,https://i.pinimg.com/originals/ea/16/a9/ea16a95d08a45127c889922b38fab002.jpg,-0.1904953745261911
194,the living room has an open ceiling fan,0.5851335467432704,0.6159998040092818,https://medialibrarycdn.entrata.com/media_library/12710/56dde1a6832f3397.jpg,-0.030866257266011332
195,a cartoon character from the fantastic mr fantastic series,0.1912684928853234,0.5118154708254931,https://www.muraldecal.com/en/img/dibu264-jpg/folder/products-listado-merchanthover/wall-stickers-for-kids-the-thing---rock-man-child.jpg,-0.3205469779401696
196,a bedroom with a iron bed and a ceiling fan,0.56094622558651,0.47040553966974796,"https://res.cloudinary.com/resortsandlodges/image/fetch/w_800,h_520,c_fill/https://media.travelnetsolutions.com/598cfb00631a779af6f3fd1e23c6dfad/original.jpg",0.09054068591676201
197,"title from the disney fantasia storybook, featuring a cartoon pluto and pluto's rainbows",0.15540359082990546,0.35291513255092244,https://www.video-games-museum.com/en/screenshots/GameCube/1/34816-title-Disney-no-Magical-Park.jpg,-0.19751154172101698
198,how to make an infant bib out of jeans,0.11340217429415911,0.13391941443068955,https://happyhooligans.ca/wp-content/uploads/2012/01/Make-bibs-from-your-old-jeans-and-tee-shirts_mini-copy.jpg,-0.020517240136530446
199,newborn feet of the infant on white blanket closeup view,0.24858841376012716,0.2123338293752936,https://thumbs.dreamstime.com/b/feet-twin-baby-girls-closeup-shot-girl-babies-shot-studio-sheepskin-rug-58002143.jpg,0.03625458438483356
